{"stats":{"minecraft:picked_up":{"minecraft:coarse_dirt":1,"minecraft:stone":2,"minecraft:andesite":4,"minecraft:jungle_log":1,"minecraft:red_wool":1,"minecraft:gold_block":1,"minecraft:diorite":2,"minecraft:spruce_log":1,"minecraft:dirt":2,"minecraft:orange_wool":2,"minecraft:dark_oak_planks":1,"minecraft:polished_granite":4,"minecraft:polished_andesite":2,"minecraft:light_blue_wool":1,"minecraft:polished_diorite":2,"minecraft:spruce_wood":1,"minecraft:granite":4,"minecraft:gray_wool":2},"minecraft:custom":{"minecraft:time_since_rest":9082,"minecraft:sprint_one_cm":25112,"minecraft:damage_taken":480,"minecraft:walk_one_cm":1997,"minecraft:drop":41,"minecraft:fly_one_cm":38849,"minecraft:play_one_minute":27943,"minecraft:deaths":2,"minecraft:sneak_time":44,"minecraft:walk_under_water_one_cm":217,"minecraft:jump":135,"minecraft:leave_game":2,"minecraft:time_since_death":9050,"minecraft:walk_on_water_one_cm":193,"minecraft:fall_one_cm":5241},"minecraft:dropped":{"minecraft:gold_block":1,"minecraft:polished_diorite":2,"minecraft:dirt":4,"minecraft:gray_wool":3,"minecraft:stone":3,"minecraft:diorite":2,"minecraft:coarse_dirt":1,"minecraft:light_blue_wool":2,"minecraft:andesite":6,"minecraft:jungle_log":2,"minecraft:spruce_wood":2,"minecraft:spruce_log":1,"minecraft:granite":6,"minecraft:red_wool":2,"minecraft:orange_wool":2,"minecraft:dark_oak_planks":1,"minecraft:polished_granite":6,"minecraft:polished_andesite":2}},"DataVersion":2230}